{
  "users": [
    {
      "id": "1",
      "name": "Alice",
      "age": 30,
      "email": "alice@example.com",
      "city": "New York"
    },
    {
      "id": "2",
      "name": "Bob",
      "age": 25,
      "email": "bob@example.com",
      "city": "Los Angeles"
    },
    {
      "id": "3",
      "name": "Charlie",
      "age": 35,
      "email": "charlie@example.com",
      "city": "Chicago"
    },
    {
      "id": "4",
      "name": "David",
      "age": 28,
      "email": "david@example.com",
      "city": "Houston"
    },
    {
      "id": "5",
      "name": "Eve",
      "age": 22,
      "email": "eve@example.com",
      "city": "Phoenix"
    },
    {
      "id": "6",
      "name": "Jona",
      "age": 40,
      "email": "jona@example.com",
      "city": "Philadelphia"
    },
    {
      "id": "7",
      "name": "Kim",
      "age": 31,
      "email": "kim@example.com",
      "city": "San Antonio"
    },
    {
      "id": "9456",
      "name": [
        "john"
      ],
      "age": [
        "35"
      ],
      "email": [
        "john@example.com"
      ],
      "city": [
        "pusan"
      ]
    },
    {
      "id": "b7fb",
      "name": [
        "Peter"
      ],
      "age": [
        "27"
      ],
      "email": [
        "peter@example.com"
      ],
      "city": [
        "seoul"
      ]
    },
    {
      "id": "8807"
    },
    {
      "id": "964c",
      "name": [
        "Sue"
      ],
      "age": [
        "36"
      ],
      "email": [
        "sue@gmail.com"
      ],
      "city": [
        "광주"
      ]
    },
    {
      "id": "41fb",
      "name": [
        "강감찬"
      ],
      "age": [
        "49"
      ],
      "email": [
        "메일"
      ],
      "city": [
        "서울"
      ]
    },
    {
      "id": "b17e",
      "name": [
        "ㅇㅀㅇㄹ"
      ],
      "age": [
        "45"
      ],
      "email": [
        "ㄹㄴㄹ"
      ],
      "city": [
        "ㅎㅁㅎㄹ"
      ]
    },
    {
      "id": "7e87"
    },
    {
      "id": "87ce",
      "name": [
        "ㄹㄴ"
      ],
      "email": [
        "ㅇㄹㄴㅇ"
      ],
      "city": [
        "ㄹㄴㅇㄹ"
      ],
      "age": [
        "45"
      ]
    },
    {
      "id": "e132",
      "name": [
        "ㄹㅇㄹㄴ"
      ],
      "age": [
        "34"
      ],
      "email": [
        "ㄴㄹㄴㅇ"
      ],
      "city": [
        "ㄹㅇㄴㄹ"
      ]
    },
    {
      "id": "d353",
      "name": [
        "ㄴㅇㄹㄴ"
      ],
      "age": [
        "34"
      ],
      "email": [
        "ㄴㅇㄹㄴ"
      ],
      "city": [
        "ㄻㄶㅁㄴ"
      ]
    },
    {
      "id": "aecb",
      "name": [
        "fdsf"
      ],
      "age": [
        "3444"
      ],
      "email": [
        "fdsas"
      ],
      "city": [
        "dfsaf"
      ]
    },
    {
      "id": "9dca"
    },
    {
      "id": "8218",
      "name": [
        "dsfs"
      ],
      "age": [
        "234354"
      ],
      "email": [
        "fsadf"
      ],
      "city": [
        "fdsfsa"
      ]
    },
    {
      "id": "8350",
      "name": [
        "Sue"
      ],
      "age": [
        "28"
      ],
      "email": [
        "sue@example.com"
      ],
      "city": [
        "seoul"
      ]
    }
  ],
  "products": [
    {
      "id": "A1",
      "name": "Laptop",
      "price": 1200,
      "category": "Electronics",
      "inStock": true
    },
    {
      "id": "B2",
      "name": "Mouse",
      "price": 25,
      "category": "Electronics",
      "inStock": true
    },
    {
      "id": "C3",
      "name": "Keyboard",
      "price": 75,
      "category": "Electronics",
      "inStock": false
    },
    {
      "id": "D4",
      "name": "Monitor",
      "price": 300,
      "category": "Electronics",
      "inStock": true
    },
    {
      "id": "E5",
      "name": "Tablet",
      "price": 450,
      "category": "Electronics",
      "inStock": true
    },
    {
      "id": "F6",
      "name": "Smartphone",
      "price": 900,
      "category": "Electronics",
      "inStock": true
    },
    {
      "id": "G7",
      "name": "Headphones",
      "price": 150,
      "category": "Electronics",
      "inStock": false
    },
    {
      "id": "H8",
      "name": "T-Shirt",
      "price": 20,
      "category": "Apparel",
      "inStock": true
    },
    {
      "id": "I9",
      "name": "Jeans",
      "price": 60,
      "category": "Apparel",
      "inStock": true
    },
    {
      "id": "J10",
      "name": "Book",
      "price": 15,
      "category": "Books",
      "inStock": true
    },
    {
      "id": "b387",
      "name": [
        "초콜릿"
      ],
      "price": [
        "3000"
      ],
      "category": [
        "스넷"
      ],
      "inStock": [
        "on"
      ]
    },
    {
      "id": "9ff1",
      "name": [
        "초콜릿"
      ],
      "price": [
        "3000"
      ],
      "category": [
        "스넷"
      ],
      "inStock": [
        "on"
      ]
    },
    {
      "id": "de39",
      "name": [
        "마우스"
      ],
      "price": [
        "30000"
      ],
      "category": [
        "컴퓨터"
      ],
      "inStock": [
        "on"
      ]
    },
    {
      "id": "ffb9",
      "name": [
        "ㄹㅇㄴㅁㄴㅁㅇ"
      ],
      "price": [
        "3000"
      ],
      "category": [
        "ㄹㄴㄴㅇ"
      ],
      "inStock": [
        "on"
      ]
    },
    {
      "id": "63e3",
      "name": [
        "sfdsaf"
      ],
      "price": [
        "20000"
      ],
      "category": [
        "fsd"
      ],
      "inStock": [
        "on"
      ]
    },
    {
      "id": "aba3",
      "name": [
        "컴퓨터"
      ],
      "price": [
        "800000"
      ],
      "category": [
        "it"
      ],
      "inStock": [
        "on"
      ]
    }
  ]
}