{
  "bookings": [
    {
      "id": "f064",
      "selectedSeats": [
        "C-1",
        "C-2",
        "C-3"
      ],
      "totalPrice": 36000,
      "bookingDate": "2025-05-30T10:32:39.928Z"
    },
    {
      "id": "2b3c",
      "selectedSeats": [
        "A-1",
        "B-2",
        "C-3"
      ],
      "totalPrice": 36000,
      "bookingDate": "2025-05-30T10:34:37.408Z"
    },
    {
      "id": "bdc9",
      "selectedSeats": [
        "B-1",
        "B-2",
        "B-3"
      ],
      "totalPrice": 36000,
      "bookingDate": "2025-05-30T10:34:46.139Z"
    },
    {
      "id": "d4a5",
      "selectedSeats": [
        "B-8",
        "C-9",
        "C-10"
      ],
      "totalPrice": 36000,
      "bookingDate": "2025-05-30T10:37:24.245Z"
    },
    {
      "id": "36be",
      "selectedSeats": [
        "A-1",
        "A-2",
        "A-3"
      ],
      "totalPrice": 36000,
      "bookingDate": "2025-05-30T10:37:33.093Z"
    }
  ],
  "seats": [
    {
      "id": "A-1",
      "status": "available",
      "rowId": "A",
      "seatId": 1,
      "content": 1
    },
    {
      "id": "A-2",
      "status": "available",
      "rowId": "A",
      "seatId": 2,
      "content": 2
    },
    {
      "id": "A-3",
      "status": "blocked",
      "rowId": "A",
      "seatId": 3,
      "content": null
    },
    {
      "id": "A-4",
      "status": "blocked",
      "rowId": "A",
      "seatId": 4,
      "content": null
    },
    {
      "id": "A-5",
      "status": "available",
      "rowId": "A",
      "seatId": 5,
      "content": 3
    }
  ]
}